date,n_pixels,city_mean_lst,urban_mean_lst,reference_mean_lst,uhi_intensity
2022-03-25,2155,24.72,28.43,25.02,3.41
2022-04-10,2184,24.7,28.27,25.01,3.26
2022-04-26,2173,27.41,31.33,27.67,3.66
2022-05-12,2168,30.27,33.87,30.56,3.31
2022-05-28,2169,31.41,35.08,31.71,3.37
2022-06-13,2171,32.54,36.12,32.85,3.27
2022-06-29,2161,35.61,39.4,35.95,3.45
2023-03-12,2157,23.94,27.62,24.21,3.41
2023-03-28,2151,26.14,29.83,26.44,3.39
2023-04-13,2167,26.93,30.56,27.23,3.33
2023-04-29,2160,29.11,32.95,29.38,3.57
2023-05-15,2165,29.45,33.15,29.74,3.41
2023-05-31,2157,30.13,33.84,30.43,3.41
2023-06-16,2163,31.48,35.09,31.79,3.3
2024-03-14,2157,24.23,27.74,24.55,3.19
2024-03-30,2164,25.14,28.72,25.47,3.25
2024-04-15,2166,27.89,31.47,28.17,3.3
2024-05-01,2144,27.68,31.13,28.0,3.13
2024-05-17,2158,30.65,34.12,30.93,3.19
2024-06-02,2161,30.9,34.3,31.19,3.11
2024-06-18,2161,32.66,36.29,32.95,3.34
